	GKZ	Gebietsname	Wahlberechtigte	Abgegebene	Ungültige	Gültige	SPÖ	FPÖ	ÖVP	GRÜNE	KPÖ	LIF
1	40000	Land Oberösterreich                	1005882	868461	14896	853565	316009	88790	363497	74043	3979	7247
2	4A000	Wahlkreis Linz und Umgebung             	230461	192804	2636	190168	86490	18962	60711	20932	974	2099
3	4A099	Wahlkarten Linz und Umgebung  		9061	71	8990	2709	614	3508	2023	32	104
4	4B000	Wahlkreis Innviertel                    	153027	129176	2452	126724	36501	17585	62605	8528	601	904
5	4B099	Wahlkarten Innviertel         		3839	40	3799	776	282	1695	972	20	54
6	4C000	Wahlkreis Hausruckviertel               	244258	211539	3743	207796	74102	23787	89752	17368	983	1804
7	4C099	Wahlkarten Hausruckviertel    		6952	59	6893	1597	503	2913	1766	17	97
8	4D000	Wahlkreis Traunviertel                  	183933	160184	2819	157365	63167	15735	63298	13117	758	1290
9	4D099	Wahlkarten Traunviertel       		6284	43	6241	1529	404	2702	1502	18	86
10	4E000	Wahlkreis Mühlviertel                   	194203	174758	3246	171512	55749	12721	87131	14098	663	1150
11	4E099	Wahlkarten Mühlviertel        		6006	69	5937	1551	313	2564	1424	16	69
12	40100	Stadt Linz                          	136449	104813	1318	103495	48849	10436	30251	12163	617	1179
13	40200	Stadt Steyr                         	28244	22575	295	22280	11552	2221	6120	2038	121	228
14	40300	Stadt Wels                          	38829	30718	334	30384	13349	3787	9685	3037	177	349
15	40400	Bezirk Braunau am Inn                	68887	55247	1130	54117	17463	6981	25391	3559	279	444
16	40401	Altheim                       	3622	2990	63	2927	1171	438	1101	186	16	15
17	40402	Aspach                        	1729	1416	29	1387	302	161	851	60	6	7
18	40403	Auerbach                      	379	318	7	311	46	32	207	20	2	4
19	40404	Braunau am Inn                	11812	9047	174	8873	3807	1198	2803	910	55	100
20	40405	Burgkirchen                   	1836	1499	28	1471	386	170	823	80	6	6
21	40406	Eggelsberg                    	1509	1174	42	1132	242	176	584	112	8	10
22	40407	Feldkirchen bei Mattighofen   	1345	1076	25	1051	200	196	599	46	5	5
23	40408	Franking                      	589	515	8	507	103	58	307	25	3	11
24	40409	Geretsberg                    	762	603	15	588	108	105	341	24	3	7
25	40410	Gilgenberg am Weilhart        	888	681	13	668	102	107	426	21	7	5
26	40411	Haigermoos                    	415	336	5	331	68	53	187	21	1	1
27	40412	Handenberg                    	978	809	15	794	136	112	494	43	3	6
28	40413	Helpfau-Uttendorf             	2238	1807	36	1771	559	257	853	83	7	12
29	40414	Hochburg-Ach                  	2207	1717	25	1692	343	168	1027	131	7	16
30	40415	Höhnhart                      	1065	851	16	835	237	123	438	31	5	1
31	40416	Jeging                        	421	363	14	349	126	21	176	18	6	2
32	40417	Kirchberg bei Mattighofen     	759	639	12	627	96	108	391	24	4	4
33	40418	Lengau                        	3147	2492	44	2448	1063	243	931	178	16	17
34	40419	Lochen                        	1738	1385	38	1347	291	157	789	89	9	12
35	40420	Maria Schmolln                	994	858	27	831	170	87	544	25	3	2
36	40421	Mattighofen                   	3371	2644	46	2598	1155	321	898	182	17	25
37	40422	Mauerkirchen                  	1527	1181	27	1154	447	201	417	77	3	9
38	40423	Mining                        	876	738	23	715	229	94	347	42	2	1
39	40424	Moosbach                      	645	526	11	515	96	111	276	24	2	6
40	40425	Moosdorf                      	1040	836	20	816	338	78	337	59	2	2
41	40426	Munderfing                    	1921	1587	31	1556	593	125	701	116	4	17
42	40427	Neukirchen an der Enknach     	1551	1288	16	1272	339	183	665	72	3	10
43	40428	Ostermiething                 	2074	1587	36	1551	436	147	847	103	5	13
44	40429	Palting                       	627	518	12	506	102	49	320	25	3	7
45	40430	Perwang am Grabensee          	527	437	12	425	85	34	270	32	3	1
46	40431	Pfaffstätt                    	666	524	16	508	148	77	248	29	2	4
47	40432	Pischelsdorf am Engelbach     	1201	964	22	942	181	180	533	30	5	13
48	40433	Polling im Innkreis           	698	601	9	592	157	82	333	13	3	4
49	40434	Roßbach                       	706	597	12	585	187	101	267	26	3	1
50	40435	St.Georgen am Fillmannsbach   	291	239	9	230	27	91	108	4	0	0
51	40436	St.Johann am Walde            	1517	1278	36	1242	530	107	546	52	5	2
52	40437	St.Pantaleon                  	2171	1757	30	1727	756	156	662	119	16	18
53	40438	St.Peter am Hart              	1681	1375	21	1354	464	151	612	104	6	17
54	40439	St.Radegund                   	438	359	2	357	37	24	273	18	3	2
55	40440	St.Veit im Innkreis           	297	268	4	264	76	30	152	5	0	1
56	40441	Schalchen                     	2578	2073	48	2025	814	225	778	170	10	28
57	40442	Schwand im Innkreis           	647	545	6	539	111	62	352	12	1	1
58	40443	Tarsdorf                      	1384	1126	17	1109	205	128	698	67	2	9
59	40444	Treubach                      	546	455	9	446	73	71	287	10	3	2
60	40445	Überackern                    	431	315	3	312	74	41	186	9	1	1
61	40446	Weng im Innkreis              	1043	853	16	837	247	142	406	32	3	7
62	40500	Bezirk Eferding                      	22574	19532	332	19200	7174	2077	8435	1302	81	131
63	40501	Alkoven                       	3867	3253	40	3213	1579	322	1053	227	12	20
64	40502	Aschach an der Donau          	1558	1362	17	1345	590	177	462	105	4	7
65	40503	Eferding                      	2507	2108	32	2076	800	249	818	171	9	29
66	40504	Fraham                        	1488	1323	24	1299	564	162	464	92	7	10
67	40505	Haibach ob der Donau          	978	848	25	823	269	64	406	71	8	5
68	40506	Hartkirchen                   	3006	2629	53	2576	839	269	1302	144	8	14
69	40507	Hinzenbach                    	1423	1266	15	1251	495	108	571	68	3	6
70	40508	Prambachkirchen               	2056	1791	35	1756	504	135	996	111	5	5
71	40509	Pupping                       	1370	1204	24	1180	397	151	541	78	1	12
72	40510	St.Marienkirchen an d. Polsenz	1636	1433	32	1401	482	160	659	79	9	12
73	40511	Scharten                      	1503	1292	14	1278	460	204	487	115	6	6
74	40512	Stroheim                      	1182	1023	21	1002	195	76	676	41	9	5
75	40600	Bezirk Freistadt                     	47050	41435	766	40669	13766	2851	20780	2856	163	253
76	40601	Freistadt                     	5428	4680	95	4585	1712	347	1889	568	23	46
77	40602	Grünbach                      	1285	1140	18	1122	297	110	643	57	5	10
78	40603	Gutau                         	1937	1703	26	1677	553	119	891	108	3	3
79	40604	Hagenberg im Mühlkreis        	1873	1624	26	1598	638	155	618	161	10	16
80	40605	Hirschbach im Mühlkreis       	869	796	26	770	207	48	440	70	1	4
81	40606	Kaltenberg                    	465	436	9	427	33	26	356	9	0	3
82	40607	Kefermarkt                    	1513	1360	28	1332	475	86	681	77	4	9
83	40608	Königswiesen                  	2312	2017	34	1983	551	129	1190	100	5	8
84	40609	Lasberg                       	2022	1771	32	1739	451	108	1031	128	5	16
85	40610	Leopoldschlag                 	755	668	14	654	139	43	434	32	1	5
86	40611	Liebenau                      	1359	1200	20	1180	391	57	697	30	2	3
87	40612	Neumarkt im Mühlkreis         	2251	1941	27	1914	597	137	1007	155	9	9
88	40613	Pierbach                      	715	595	13	582	145	40	369	24	2	2
89	40614	Pregarten                     	3615	3181	51	3130	1354	219	1301	219	9	28
90	40615	Rainbach im Mühlkreis         	2115	1842	34	1808	571	104	997	117	5	14
91	40616	Sandl                         	1089	955	23	932	442	41	387	45	10	7
92	40617	St.Leonhard bei Freistadt     	1097	989	13	976	324	56	557	28	8	3
93	40618	St.Oswald bei Freistadt       	1922	1692	42	1650	628	119	813	75	10	5
94	40619	Schönau im Mühlkreis          	1355	1228	10	1218	325	77	760	50	3	3
95	40620	Tragwein                      	2174	1971	22	1949	828	101	897	112	4	7
96	40621	Unterweißenbach               	1753	1530	50	1480	384	106	922	56	5	7
97	40622	Unterweitersdorf              	1264	1146	13	1133	510	65	455	97	4	2
98	40623	Waldburg                      	1014	892	16	876	250	46	520	58	0	2
99	40624	Wartberg ob der Aist          	2830	2496	50	2446	1031	259	892	229	16	19
100	40625	Weitersfelden                 	815	722	8	714	194	28	453	33	4	2
101	40626	Windhaag bei Freistadt        	1255	1126	26	1100	317	95	631	41	8	8
102	40627	Bad Zell                      	1968	1734	40	1694	419	130	949	177	7	12
103	40700	Bezirk Gmunden                       	72973	60640	1258	59382	24743	6169	22635	4975	340	520
104	40701	Altmünster                    	7170	5942	102	5840	2126	519	2557	542	31	65
105	40702	Bad Goisern                   	5635	4682	134	4548	2314	639	1192	336	40	27
106	40703	Bad Ischl                     	10404	8101	127	7974	3138	947	2974	762	58	95
107	40704	Ebensee                       	6403	5520	131	5389	2822	401	1636	429	48	53
108	40705	Gmunden                       	9638	7749	163	7586	2466	831	3284	896	34	75
109	40706	Gosau                         	1454	1222	28	1194	675	74	374	61	7	3
110	40707	Grünau im Almtal              	1605	1357	33	1324	540	159	549	61	8	7
111	40708	Gschwandt                     	1770	1537	34	1503	511	137	726	112	4	13
112	40709	Hallstatt                     	747	621	15	606	349	41	148	61	4	3
113	40710	Kirchham                      	1362	1144	25	1119	221	115	697	71	4	11
114	40711	Laakirchen                    	6292	5363	94	5269	2796	477	1543	401	32	20
115	40712	Obertraun                     	597	509	11	498	275	26	153	36	4	4
116	40713	Ohlsdorf                      	3321	2857	67	2790	1237	237	1066	214	7	29
117	40714	Pinsdorf                      	2562	2226	56	2170	1002	223	766	154	9	16
118	40715	Roitham                       	1472	1277	21	1256	453	158	550	78	5	12
119	40716	St.Konrad                     	758	659	14	645	200	47	346	45	7	0
120	40717	St.Wolfgang im Salzkammergut  	2022	1630	32	1598	521	177	793	81	6	20
121	40718	Traunkirchen                  	1330	1120	22	1098	365	76	522	125	2	8
122	40719	Scharnstein                   	3366	2846	64	2782	1146	341	1038	216	12	29
123	40720	Vorchdorf                     	5065	4278	85	4193	1586	544	1721	294	18	30
124	40800	Bezirk Grieskirchen                  	45532	38763	809	37954	10922	4474	19745	2383	176	254
125	40801	Aistersheim                   	568	478	4	474	117	66	259	27	1	4
126	40802	Bad Schallerbach              	2544	2210	49	2161	786	240	956	154	4	21
127	40803	Bruck-Waasen                  	1693	1454	29	1425	329	127	890	65	5	9
128	40804	Eschenau im Hausruckkreis     	831	708	17	691	109	76	467	28	8	3
129	40805	Gallspach                     	1775	1426	30	1396	489	190	628	78	6	5
130	40806	Gaspoltshofen                 	2650	2191	59	2132	640	315	997	161	10	9
131	40807	Geboltskirchen                	1017	854	16	838	312	98	363	59	1	5
132	40808	Grieskirchen                  	3454	2943	63	2880	902	316	1378	240	7	37
133	40809	Haag am Hausruck              	1496	1277	29	1248	447	145	553	85	9	9
134	40810	Heiligenberg                  	510	458	5	453	29	62	341	17	1	3
135	40811	Hofkirchen an der Trattnach   	1053	885	19	866	230	111	479	37	6	3
136	40812	Kallham                       	1914	1635	28	1607	495	223	787	78	10	14
137	40813	Kematen am Innbach            	900	755	14	741	237	111	334	50	6	3
138	40814	Meggenhofen                   	900	787	16	771	153	66	490	54	2	6
139	40815	Michaelnbach                  	953	817	20	797	140	107	504	39	5	2
140	40816	Natternbach                   	1742	1500	38	1462	480	132	766	67	10	7
141	40817	Neukirchen am Walde           	1237	1085	29	1056	212	111	649	61	11	12
142	40818	Neumarkt im Hausruckkreis     	1065	891	15	876	327	144	358	39	4	4
143	40819	Peuerbach                     	1644	1331	38	1293	317	152	707	109	4	4
144	40820	Pötting                       	399	354	4	350	61	17	260	12	0	0
145	40821	Pollham                       	654	566	18	548	102	58	351	31	1	5
146	40822	Pram                          	1316	1068	23	1045	265	180	515	75	2	8
147	40823	Rottenbach                    	755	668	11	657	176	121	317	32	3	8
148	40824	St.Agatha                     	1576	1379	26	1353	311	97	894	42	3	6
149	40825	St.Georgen bei Grieskirchen   	741	641	18	623	177	59	332	50	3	2
150	40826	St.Thomas                     	316	291	6	285	42	29	193	17	2	2
151	40827	Schlüßlberg                   	2208	1889	37	1852	791	198	710	124	4	25
152	40828	Steegen                       	835	694	20	674	177	47	403	39	6	2
153	40829	Taufkirchen an der Trattnach  	1492	1235	28	1207	317	193	617	61	11	8
154	40830	Tollet                        	632	553	3	550	182	39	268	54	5	2
155	40831	Waizenkirchen                 	2762	2408	41	2367	578	229	1379	168	9	4
156	40832	Wallern an der Trattnach      	2197	1898	25	1873	693	244	786	133	7	10
157	40833	Weibern                       	1122	936	25	911	224	89	509	71	7	11
158	40834	Wendling                      	581	498	6	492	75	82	305	26	3	1
159	40900	Bezirk Kirchdorf an der Krems        	39730	33470	615	32855	11709	3643	15048	2134	129	192
160	40901	Edlbach                       	458	399	2	397	118	37	225	15	1	1
161	40902	Grünburg                      	2699	2294	41	2253	918	239	973	107	3	13
162	40903	Hinterstoder                  	786	587	7	580	133	105	306	33	0	3
163	40904	Inzersdorf im Kremstal        	1304	1090	17	1073	297	131	562	77	5	1
164	40905	Kirchdorf an der Krems        	2975	2548	46	2502	1013	261	936	258	7	27
165	40906	Klaus an der Pyhrnbahn        	844	701	11	690	359	79	217	27	2	6
166	40907	Kremsmünster                  	4483	3722	70	3652	1051	427	1877	243	16	38
167	40908	Micheldorf in Oberösterreich  	4107	3459	57	3402	1552	373	1146	292	17	22
168	40909	Molln                         	2657	2283	40	2243	986	243	872	128	5	9
169	40910	Nußbach                       	1626	1361	26	1335	356	97	799	73	3	7
170	40911	Oberschlierbach               	335	290	9	281	100	15	142	24	0	0
171	40912	Pettenbach                    	3276	2751	56	2695	840	360	1249	204	24	18
172	40913	Ried im Traunkreis            	1818	1541	30	1511	412	174	845	70	5	5
173	40914	Rosenau am Hengstpaß          	534	444	9	435	247	36	140	9	3	0
174	40915	Roßleithen                    	1335	1134	14	1120	442	127	473	72	2	4
175	40916	St.Pankraz                    	269	233	7	226	100	50	74	0	2	0
176	40917	Schlierbach                   	1943	1634	28	1606	475	150	765	200	5	11
177	40918	Spital am Pyhrn               	1694	1458	20	1438	609	168	617	34	3	7
178	40919	Steinbach am Ziehberg         	632	537	19	518	135	74	278	27	2	2
179	40920	Steinbach an der Steyr        	1505	1323	24	1299	436	91	701	62	6	3
180	40921	Vorderstoder                  	613	486	13	473	124	63	269	15	0	2
181	40922	Wartberg an der Krems         	2106	1780	42	1738	447	188	981	103	10	9
182	40923	Windischgarsten               	1731	1415	27	1388	559	155	601	61	8	4
183	41000	Bezirk Linz-Land                     	94012	78930	1247	77683	34932	7912	26952	6746	325	816
184	41001	Allhaming                     	737	650	5	645	211	50	331	37	4	12
185	41002	Ansfelden                     	10520	8788	167	8621	4441	1118	2265	643	49	105
186	41003	Asten                         	4365	3611	59	3552	1878	365	985	258	21	45
187	41004	Eggendorf im Traunkreis       	527	448	2	446	150	42	221	25	3	5
188	41005	Enns                          	7501	6265	92	6173	2951	598	1994	559	14	57
189	41006	Hargelsberg                   	836	743	14	729	275	53	360	36	2	3
190	41007	Hörsching                     	4039	3511	79	3432	1436	412	1272	248	25	39
191	41008	Hofkirchen im Traunkreis      	1047	902	11	891	317	78	412	75	4	5
192	41009	Kematen an der Krems          	1544	1335	30	1305	504	112	613	62	1	13
193	41010	Kirchberg-Thening             	1650	1441	21	1420	697	167	417	123	3	13
194	41011	Kronstorf                     	2192	1909	18	1891	873	205	686	110	3	14
195	41012	Leonding                      	16502	13610	153	13457	5742	1310	4692	1532	44	137
196	41013	St.Florian                    	4249	3678	72	3606	1290	268	1655	354	9	30
197	41014	Neuhofen an der Krems         	3990	3384	69	3315	1295	272	1329	366	14	39
198	41015	Niederneukirchen              	1322	1173	11	1162	395	81	580	89	7	10
199	41016	Oftering                      	1405	1233	23	1210	564	138	432	64	4	8
200	41017	Pasching                      	4665	3908	75	3833	1856	420	1182	327	7	41
201	41018	Piberbach                     	1241	1077	14	1063	459	100	432	58	6	8
202	41019	Pucking                       	2538	2195	47	2148	894	235	835	159	7	18
203	41020	St.Marien                     	3073	2686	44	2642	1116	192	1083	216	15	20
204	41021	Traun                         	16124	12984	187	12797	6444	1404	3715	1015	70	149
205	41022	Wilhering                     	3945	3399	54	3345	1144	292	1461	390	13	45
206	41100	Bezirk Perg                          	46554	40925	729	40196	16365	2944	18052	2484	121	230
207	41101	Allerheiligen im Mühlkreis    	842	778	15	763	264	48	410	35	1	5
208	41102	Arbing                        	949	864	12	852	271	66	445	66	0	4
209	41103	Baumgartenberg                	1067	971	17	954	263	91	546	45	1	8
210	41104	Dimbach                       	795	696	10	686	207	43	403	27	1	5
211	41105	Grein                         	2328	1947	31	1916	775	159	853	120	1	8
212	41106	Katsdorf                      	1997	1774	33	1741	770	97	715	147	4	8
213	41107	Klam                          	574	493	11	482	113	79	273	14	1	2
214	41108	Bad Kreuzen                   	1530	1379	21	1358	164	96	1048	33	4	13
215	41109	Langenstein                   	1890	1665	17	1648	983	97	449	93	14	12
216	41110	Luftenberg an der Donau       	2843	2533	45	2488	1350	226	691	189	9	23
217	41111	Mauthausen                    	3506	3008	49	2959	1639	210	867	218	9	16
218	41112	Mitterkirchen im Machland     	1311	1131	23	1108	369	76	606	54	0	3
219	41113	Münzbach                      	1188	1050	30	1020	208	80	696	27	5	4
220	41114	Naarn im Machlande            	2451	2176	45	2131	841	138	1035	100	6	11
221	41115	Pabneukirchen                 	1228	1069	15	1054	226	70	716	33	4	5
222	41116	Perg                          	5107	4413	77	4336	1617	365	1925	385	15	29
223	41117	Rechberg                      	576	505	5	500	109	15	355	21	0	0
224	41118	Ried in der Riedmark          	2784	2472	40	2432	1139	114	986	169	9	15
225	41119	St.Georgen am Walde           	1606	1410	34	1376	560	80	688	43	3	2
226	41120	St.Georgen an der Gusen       	2693	2369	38	2331	1257	139	730	178	10	17
227	41121	St.Nikola an der Donau        	603	518	10	508	180	18	285	22	2	1
228	41122	St.Thomas am Blasenstein      	650	562	14	548	106	28	398	13	0	3
229	41123	Saxen                         	1291	1190	25	1165	364	225	509	57	0	10
230	41124	Schwertberg                   	3731	3245	60	3185	1671	224	1014	245	15	16
231	41125	Waldhausen im Strudengau      	2084	1867	38	1829	723	104	884	104	5	9
232	41126	Windhaag bei Perg             	930	840	14	826	196	56	525	46	2	1
233	41200	Bezirk Ried im Innkreis              	42589	35247	678	34569	9250	5442	17248	2257	162	210
234	41201	Andrichsfurt                  	549	437	14	423	63	82	262	11	3	2
235	41202	Antiesenhofen                 	769	658	7	651	234	96	286	33	0	2
236	41203	Aurolzmünster                 	2071	1627	37	1590	527	297	671	82	3	10
237	41204	Eberschwang                   	2521	2182	60	2122	846	343	779	136	8	10
238	41205	Eitzing                       	526	451	12	439	103	62	256	13	2	3
239	41206	Geiersberg                    	392	335	7	328	84	40	182	18	1	3
240	41207	Geinberg                      	953	798	18	780	190	187	350	43	4	6
241	41208	Gurten                        	855	729	20	709	176	107	375	41	2	8
242	41209	Hohenzell                     	1507	1248	18	1230	244	124	760	89	1	12
243	41210	Kirchdorf am Inn              	462	391	4	387	85	47	239	16	0	0
244	41211	Kirchheim im Innkreis         	507	438	19	419	87	65	247	16	2	2
245	41212	Lambrechten                   	969	836	21	815	132	149	498	31	3	2
246	41213	Lohnsburg am Kobernaußerwald  	1720	1427	23	1404	288	293	742	65	5	11
247	41214	Mehrnbach                     	1745	1424	33	1391	329	255	712	79	7	9
248	41215	Mettmach                      	1849	1508	43	1465	445	267	677	58	16	2
249	41216	Mörschwang                    	225	199	2	197	25	13	142	13	2	2
250	41217	Mühlheim am Inn               	501	442	11	431	152	58	188	29	1	3
251	41218	Neuhofen im Innkreis          	1516	1286	19	1267	385	147	611	112	5	7
252	41219	Obernberg am Inn              	1247	912	6	906	260	155	420	55	7	9
253	41220	Ort im Innkreis               	870	738	12	726	151	148	387	27	3	10
254	41221	Pattigham                     	631	524	8	516	101	51	324	33	6	1
255	41222	Peterskirchen                 	519	452	3	449	43	57	314	31	2	2
256	41223	Pramet                        	732	612	7	605	187	110	272	29	2	5
257	41224	Reichersberg                  	1011	852	16	836	223	111	446	45	4	7
258	41225	Ried im Innkreis              	8308	6560	98	6462	1925	1090	2656	703	37	51
259	41226	St.Georgen b. Obernberg am Inn	431	368	4	364	45	27	265	23	1	3
260	41227	St.Marienkirchen am Hausruck  	511	451	9	442	47	80	290	16	3	6
261	41228	St.Martin im Innkreis         	1146	919	20	899	241	180	429	45	1	3
262	41229	Schildorn                     	737	618	12	606	202	54	310	35	3	2
263	41230	Senftenbach                   	525	454	10	444	97	67	253	27	0	0
264	41231	Taiskirchen im Innkreis       	1753	1491	27	1464	317	151	888	94	8	6
265	41232	Tumeltsham                    	1034	896	20	876	168	130	490	79	5	4
266	41233	Utzenaich                     	1051	895	17	878	226	128	469	46	7	2
267	41234	Waldzell                      	1556	1309	23	1286	416	182	626	55	5	2
268	41235	Weilbach                      	465	407	7	400	77	56	254	12	0	1
269	41236	Wippenham                     	425	373	11	362	129	33	178	17	3	2
270	41300	Bezirk Rohrbach                      	42153	36133	776	35357	8799	2785	21338	2109	152	174
271	41301	Afiesl                        	304	275	6	269	72	15	168	10	2	2
272	41302	Ahorn                         	370	329	11	318	70	35	184	16	10	3
273	41303	Aigen im Mühlkreis            	1453	1179	20	1159	335	97	629	84	5	9
274	41304	Altenfelden                   	1618	1343	34	1309	341	171	690	98	3	6
275	41305	Arnreit                       	793	703	8	695	107	59	496	27	2	4
276	41306	Atzesberg                     	346	307	8	299	26	19	238	11	3	2
277	41307	Auberg                        	389	340	5	335	61	41	211	20	0	2
278	41308	Berg bei Rohrbach             	1966	1654	35	1619	384	108	976	138	3	10
279	41309	Haslach an der Mühl           	1987	1652	41	1611	620	114	720	149	2	6
280	41310	Helfenberg                    	760	663	13	650	151	47	408	31	9	4
281	41311	Hörbich                       	302	268	9	259	31	24	197	5	0	2
282	41312	Hofkirchen im Mühlkreis       	1077	888	12	876	193	48	554	69	10	2
283	41313	Julbach                       	1199	1015	19	996	366	69	512	36	8	5
284	41314	Kirchberg ob der Donau        	818	706	11	695	216	64	371	30	6	8
285	41315	Klaffer am Hochficht          	994	852	17	835	349	90	357	34	3	2
286	41316	Kleinzell im Mühlkreis        	1064	915	27	888	311	71	451	45	4	6
287	41317	Kollerschlag                  	1078	928	26	902	203	71	598	28	2	0
288	41318	Lembach im Mühlkreis          	1147	956	25	931	239	85	525	73	5	4
289	41319	Lichtenau im Mühlkreis        	416	366	12	354	83	28	230	9	0	4
290	41320	Nebelberg                     	454	420	14	406	78	23	295	10	0	0
291	41321	Neufelden                     	907	756	21	735	191	53	426	61	2	2
292	41322	Niederkappel                  	770	666	9	657	131	45	459	14	5	3
293	41323	Niederwaldkirchen             	1305	1123	13	1110	228	86	724	63	2	7
294	41324	Oberkappel                    	508	409	17	392	78	23	276	12	1	2
295	41325	Oepping                       	1181	1009	20	989	242	58	621	60	2	6
296	41326	Peilstein im Mühlviertel      	1202	1069	34	1035	259	80	657	34	1	4
297	41327	Pfarrkirchen im Mühlkreis     	1072	886	9	877	144	60	621	42	7	3
298	41328	Putzleinsdorf                 	1116	916	17	899	150	83	629	30	5	2
299	41329	Neustift im Mühlkreis         	1060	922	12	910	184	61	633	29	1	2
300	41330	Rohrbach in Oberösterreich    	1741	1579	39	1540	356	94	900	175	1	14
301	41331	St.Johann am Wimberg          	741	654	18	636	142	61	409	23	1	0
302	41332	St.Martin im Mühlkreis        	2534	2195	40	2155	610	170	1151	199	4	21
303	41333	St.Oswald bei Haslach         	413	371	6	365	106	28	207	24	0	0
304	41334	St.Peter am Wimberg           	1268	1102	27	1075	177	64	780	50	0	4
305	41335	St.Stefan am Walde            	615	552	13	539	120	35	338	37	7	2
306	41336	St.Ulrich im Mühlkreis        	439	397	11	386	55	18	280	30	0	3
307	41337	St.Veit im Mühlkreis          	876	738	8	730	170	68	447	38	2	5
308	41338	Sarleinsbach                  	1664	1451	24	1427	215	120	1022	63	3	4
309	41339	Schlägl                       	1036	883	25	858	269	53	474	55	4	3
310	41340	Schönegg                      	401	365	3	362	113	14	221	11	2	1
311	41341	Schwarzenberg am Böhmerwald   	493	407	7	400	96	42	248	11	3	0
312	41342	Ulrichsberg                   	2276	1924	50	1874	527	190	1005	125	22	5
313	41400	Bezirk Schärding                     	41551	34843	604	34239	9012	4880	18271	1740	140	196
314	41401	Altschwendt                   	495	433	3	430	88	68	249	22	1	2
315	41402	Andorf                        	3594	2990	55	2935	980	443	1363	120	15	14
316	41403	Brunnenthal                   	1417	1186	17	1169	327	179	570	81	6	6
317	41404	Diersbach                     	1216	1015	16	999	214	169	553	50	6	7
318	41405	Dorf an der Pram              	717	622	7	615	143	57	386	27	2	0
319	41406	Eggerding                     	967	809	13	796	156	124	478	33	2	3
320	41407	Engelhartszell                	850	687	17	670	146	85	394	40	4	1
321	41408	Enzenkirchen                  	1296	1095	24	1071	348	183	515	21	2	2
322	41409	Esternberg                    	2015	1673	27	1646	247	278	1050	58	6	7
323	41410	Freinberg                     	996	794	8	786	231	83	445	19	4	4
324	41411	Kopfing im Innkreis           	1537	1282	34	1248	301	193	681	49	13	11
325	41412	Mayrhof                       	193	176	7	169	13	11	139	5	1	0
326	41413	Münzkirchen                   	1892	1575	29	1546	343	220	886	83	8	6
327	41414	Raab                          	1716	1425	29	1396	287	285	711	100	6	7
328	41415	Rainbach im Innkreis          	1121	969	17	952	226	123	561	34	3	5
329	41416	Riedau                        	1453	1222	20	1202	441	164	499	85	2	11
330	41417	St.Aegidi                     	1230	1082	16	1066	150	117	749	40	2	8
331	41418	St.Florian am Inn             	2208	1855	22	1833	695	214	789	111	9	15
332	41419	St.Marienkirchen bei Schärding	1349	1129	18	1111	205	205	634	59	3	5
333	41420	St.Roman                      	1268	1107	21	1086	122	134	780	33	10	7
334	41421	St.Willibald                  	847	732	16	716	210	138	343	18	1	6
335	41422	Schärding                     	3920	3134	58	3076	1140	427	1197	282	7	23
336	41423	Schardenberg                  	1619	1349	21	1328	236	147	882	54	3	6
337	41424	Sigharting                    	568	500	11	489	108	74	283	20	1	3
338	41425	Suben                         	869	748	6	742	202	109	384	36	3	8
339	41426	Taufkirchen an der Pram       	2110	1805	24	1781	652	232	795	90	7	5
340	41427	Vichtenstein                  	463	394	4	390	64	67	237	15	6	1
341	41428	Waldkirchen am Wesen          	992	869	25	844	200	107	500	29	0	8
342	41429	Wernstein am Inn              	1190	998	15	983	303	115	515	40	4	6
343	41430	Zell an der Pram              	1443	1188	24	1164	234	129	703	86	3	9
344	41500	Bezirk Steyr-Land                    	42986	37215	608	36607	13634	3298	16793	2468	150	264
345	41501	Adlwang                       	1117	958	13	945	208	134	523	61	12	7
346	41502	Aschach an der Steyr          	1549	1332	21	1311	405	106	666	116	10	8
347	41503	Bad Hall                      	3479	2825	55	2770	1007	342	1180	211	11	19
348	41504	Dietach                       	1841	1595	28	1567	556	118	736	129	9	19
349	41505	Gaflenz                       	1352	1186	21	1165	378	90	632	62	0	3
350	41506	Garsten                       	4705	4073	54	4019	1436	330	1802	399	18	34
351	41507	Großraming                    	2127	1904	32	1872	705	146	875	128	5	13
352	41508	Laussa                        	959	830	18	812	223	89	436	54	4	6
353	41509	Losenstein                    	1324	1139	23	1116	445	102	483	73	6	7
354	41510	Maria Neustift                	1150	1020	11	1009	205	68	697	34	3	2
355	41511	Pfarrkirchen bei Bad Hall     	1552	1327	22	1305	487	153	566	87	3	9
356	41512	Reichraming                   	1436	1280	14	1266	772	99	323	63	4	5
357	41513	Rohr im Kremstal              	850	742	12	730	227	67	393	39	0	4
358	41514	St.Ulrich bei Steyr           	2286	2004	34	1970	567	151	1048	173	6	25
359	41515	Schiedlberg                   	917	790	13	777	195	49	505	23	4	1
360	41516	Sierning                      	6499	5669	98	5571	2662	498	2042	303	23	43
361	41517	Ternberg                      	2498	2180	38	2142	720	205	1053	146	6	12
362	41518	Waldneukirchen                	1589	1389	29	1360	363	164	758	58	8	9
363	41519	Weyer-Land                    	1805	1591	26	1565	779	114	576	82	2	12
364	41520	Weyer-Markt                   	1789	1484	20	1464	673	115	538	117	7	14
365	41521	Wolfern                       	2162	1897	26	1871	621	158	961	110	9	12
366	41600	Bezirk Urfahr-Umgebung               	58446	50259	906	49353	15268	3828	24397	5225	211	424
367	41601	Alberndorf in der Riedmark    	2629	2294	61	2233	646	179	1193	202	5	8
368	41602	Altenberg bei Linz            	3048	2639	33	2606	605	176	1559	243	5	18
369	41603	Bad Leonfelden                	2869	2467	61	2406	524	164	1515	179	10	14
370	41604	Eidenberg                     	1321	1158	20	1138	242	61	749	74	4	8
371	41605	Engerwitzdorf                 	5740	4807	85	4722	1754	389	2019	504	13	43
372	41606	Feldkirchen an der Donau      	3813	3343	62	3281	1208	331	1450	242	22	28
373	41607	Gallneukirchen                	4436	3771	59	3712	1333	231	1425	667	19	37
374	41608	Goldwörth                     	652	568	10	558	181	35	282	52	4	4
375	41609	Gramastetten                  	3485	3026	49	2977	740	219	1631	340	12	35
376	41610	Haibach im Mühlkreis          	589	525	14	511	155	36	277	38	1	4
377	41611	Hellmonsödt                   	1534	1311	19	1292	402	127	602	136	10	15
378	41612	Herzogsdorf                   	1742	1495	14	1481	344	129	929	62	4	13
379	41613	Kirchschlag bei Linz          	1422	1208	28	1180	323	88	624	127	4	14
380	41614	Lichtenberg                   	1812	1589	21	1568	465	108	779	198	3	15
381	41615	Oberneukirchen                	2277	1946	43	1903	473	166	1063	174	10	17
382	41616	Ottenschlag im Mühlkreis      	361	318	8	310	100	19	184	6	1	0
383	41617	Ottensheim                    	3228	2764	34	2730	857	210	1169	451	11	32
384	41618	Puchenau                      	3630	2989	42	2947	935	292	1151	524	13	32
385	41619	Reichenau im Mühlkreis        	827	715	13	702	196	59	384	51	4	8
386	41620	Reichenthal                   	1028	906	14	892	241	54	540	47	6	4
387	41621	St.Gotthard im Mühlkreis      	991	869	25	844	269	74	408	79	4	10
388	41622	Schenkenfelden                	1113	974	23	951	228	92	548	65	9	9
389	41623	Sonnberg im Mühlkreis         	572	501	15	486	132	35	286	24	5	4
390	41624	Steyregg                      	3714	3206	64	3142	1466	265	1079	301	8	23
391	41625	Vorderweißenbach              	1508	1324	25	1299	232	83	900	66	10	8
392	41626	Walding                       	2821	2457	45	2412	975	140	1028	255	3	11
393	41627	Zwettl an der Rodl            	1284	1089	19	1070	242	66	623	118	11	10
394	41700	Bezirk Vöcklabruck                   	91660	76615	1602	75013	26834	8258	32861	6027	371	662
395	41701	Ampflwang im Hausruckwald     	2728	2373	49	2324	1421	229	527	117	16	14
396	41702	Attersee                      	1134	901	11	890	273	85	449	72	3	8
397	41703	Attnang-Puchheim              	6069	4836	72	4764	2356	520	1368	447	33	40
398	41704	Atzbach                       	846	733	11	722	140	92	434	46	5	5
399	41705	Aurach am Hongar              	1105	966	23	943	407	83	383	62	1	7
400	41706	Berg im Attergau              	713	615	6	609	86	62	440	16	1	4
401	41707	Desselbrunn                   	1144	1018	17	1001	377	90	459	61	9	5
402	41708	Fornach                       	612	548	16	532	77	73	350	23	5	4
403	41709	Frankenburg am Hausruck       	3670	3115	94	3021	1217	350	1225	187	19	23
404	41710	Frankenmarkt                  	2527	2091	72	2019	671	204	957	147	11	29
405	41711	Gampern                       	1829	1549	33	1516	410	118	834	137	5	12
406	41712	Innerschwand                  	738	611	10	601	84	33	434	38	4	8
407	41713	Lenzing                       	3805	3163	91	3072	1821	365	607	231	14	34
408	41714	Manning                       	609	537	14	523	157	34	285	38	0	9
409	41715	Mondsee                       	2179	1726	26	1700	382	261	850	168	9	30
410	41716	Neukirchen an der Vöckla      	1868	1575	44	1531	490	160	740	123	6	12
411	41717	Niederthalheim                	768	679	16	663	130	100	390	35	2	6
412	41718	Nußdorf am Attersee           	773	621	17	604	123	111	335	28	2	5
413	41719	Oberhofen am Irrsee           	963	814	21	793	220	75	444	50	1	3
414	41720	Oberndorf bei Schwanenstadt   	1032	883	14	869	280	121	379	81	3	5
415	41721	Oberwang                      	1107	963	18	945	105	75	736	20	3	6
416	41722	Ottnang am Hausruck           	2804	2403	47	2356	1010	245	952	126	8	15
417	41723	Pfaffing                      	1007	863	30	833	282	73	397	67	7	7
418	41724	Pilsbach                      	443	398	7	391	115	29	220	26	0	1
419	41725	Pitzenberg                    	359	305	4	301	79	42	150	25	3	2
420	41726	Pöndorf                       	1655	1401	35	1366	425	156	703	67	5	10
421	41727	Puchkirchen am Trattberg      	650	569	13	556	155	23	310	64	0	4
422	41728	Pühret                        	433	381	7	374	83	39	213	33	3	3
423	41729	Redleiten                     	325	278	10	268	94	33	132	8	1	0
424	41730	Redlham                       	974	811	15	796	292	76	351	66	5	6
425	41731	Regau                         	4067	3448	87	3361	1269	453	1301	278	13	47
426	41732	Rüstorf                       	1420	1189	32	1157	469	145	416	107	11	9
427	41733	Rutzenham                     	176	161	5	156	13	18	99	24	1	1
428	41734	St.Georgen im Attergau        	2653	2234	34	2200	644	302	1086	146	6	16
429	41735	St.Lorenz                     	1398	1176	14	1162	248	91	718	95	4	6
430	41736	Schlatt                       	942	781	14	767	246	90	358	62	5	6
431	41737	Schörfling am Attersee        	2345	1885	30	1855	700	264	674	180	18	19
432	41738	Schwanenstadt                 	2855	2310	37	2273	848	303	829	253	10	30
433	41739	Seewalchen am Attersee        	3651	3023	55	2968	1075	412	1111	317	23	30
434	41740	Steinbach am Attersee         	645	526	3	523	132	57	304	23	3	4
435	41741	Straß im Attergau             	1014	863	15	848	180	111	521	35	0	1
436	41742	Tiefgraben                    	2202	1834	38	1796	335	194	1130	124	5	8
437	41743	Timelkam                      	4242	3564	79	3485	1638	362	1129	303	15	38
438	41744	Ungenach                      	971	840	22	818	189	78	491	51	2	7
439	41745	Unterach am Attersee          	1071	831	12	819	291	79	382	54	5	8
440	41746	Vöcklabruck                   	8603	7033	115	6918	2626	708	2669	819	33	63
441	41747	Vöcklamarkt                   	3357	2798	74	2724	829	255	1389	219	8	24
442	41748	Weißenkirchen im Attergau     	704	584	25	559	98	44	390	23	3	1
443	41749	Weyregg am Attersee           	1141	947	13	934	284	82	488	72	2	6
444	41750	Wolfsegg am Hausruck          	1487	1275	27	1248	547	123	450	101	15	12
445	41751	Zell am Moos                  	981	825	17	808	164	67	503	68	1	5
446	41752	Zell am Pettenfirst           	866	762	11	751	247	63	369	64	4	4
447	41800	Bezirk Wels-Land                     	45663	38959	607	38352	14226	4688	16113	2853	161	311
448	41801	Aichkirchen                   	370	320	10	310	51	52	196	10	1	0
449	41802	Bachmanning                   	435	369	7	362	120	59	159	22	0	2
450	41803	Bad Wimsbach-Neydharting      	1724	1467	20	1447	502	137	710	79	10	9
451	41804	Buchkirchen                   	2686	2309	44	2265	999	224	849	169	6	18
452	41805	Eberstalzell                  	1564	1306	18	1288	209	154	849	64	0	12
453	41806	Edt bei Lambach               	1521	1280	19	1261	433	183	551	81	4	9
454	41807	Fischlham                     	929	840	8	832	227	71	484	42	1	7
455	41808	Gunskirchen                   	3847	3347	47	3300	1267	462	1326	212	13	20
456	41809	Holzhausen                    	469	419	3	416	171	42	165	27	2	9
457	41810	Krenglbach                    	2006	1758	25	1733	724	185	667	137	8	12
458	41811	Lambach                       	2259	1756	31	1725	680	219	657	152	6	11
459	41812	Marchtrenk                    	8128	6926	119	6807	3433	814	1919	530	36	75
460	41813	Neukirchen bei Lambach        	620	557	5	552	119	88	298	40	4	3
461	41814	Offenhausen                   	1039	902	14	888	220	153	454	50	4	7
462	41815	Pennewang                     	617	545	9	536	83	51	352	46	0	4
463	41816	Pichl bei Wels                	1948	1691	31	1660	510	195	789	149	10	7
464	41817	Sattledt                      	1588	1387	18	1369	420	166	705	60	7	11
465	41818	Schleißheim                   	713	625	12	613	193	77	273	54	3	13
466	41819	Sipbachzell                   	1247	1112	17	1095	293	135	581	77	3	6
467	41820	Stadl-Paura                   	3369	2696	59	2637	1312	359	696	225	24	21
468	41821	Steinerkirchen an der Traun   	1585	1380	9	1371	248	127	907	80	1	8
469	41822	Steinhaus                     	1392	1229	29	1200	341	255	529	66	3	6
470	41823	Thalheim bei Wels             	3675	3093	33	3060	1023	349	1288	364	8	28
471	41824	Weißkirchen an der Traun      	1932	1645	20	1625	648	131	709	117	7	13
